Param_1,Param_2,Param_3,Param_4,Param_5,Param_6,Param_7,Param_8,Param_9,Param_10,Param_11,Param_12,Param_13,Param_14,Param_15,Param_16,Param_17,Param_18,Param_19,Param_20,Location
40,32,60,37,36,22,55,45,24,92,25,44,67,36,12,66,64,16,53,97,1
40,32,60,37,36,22,55,45,24,92,25,44,67,36,12,66,64,16,53,97,2
40,32,60,37,36,22,55,45,24,92,25,44,67,36,12,66,64,16,53,97,3
40,32,60,37,36,22,55,45,24,92,25,44,67,36,12,66,64,16,53,97,4
40,32,60,37,36,22,55,45,24,92,25,44,67,36,12,66,64,16,53,97,5
40,32,60,37,36,22,55,45,24,92,25,44,67,36,12,66,64,16,53,97,6
40,32,60,37,36,22,55,45,24,92,25,44,67,36,12,66,64,16,53,97,7
40,32,60,37,36,22,55,45,24,92,25,44,67,36,12,66,64,16,53,97,8
62,32,21,40,49,77,18,44,20,29,18,72,64,90,95,26,92,88,33,11,1
62,32,21,40,49,77,18,44,20,29,18,72,64,90,95,26,92,88,33,11,2
62,32,21,40,49,77,18,44,20,29,18,72,64,90,95,26,92,88,33,11,3
62,32,21,40,49,77,18,44,20,29,18,72,64,90,95,26,92,88,33,11,4
62,32,21,40,49,77,18,44,20,29,18,72,64,90,95,26,92,88,33,11,5
62,32,21,40,49,77,18,44,20,29,18,72,64,90,95,26,92,88,33,11,6
62,32,21,40,49,77,18,44,20,29,18,72,64,90,95,26,92,88,33,11,7
62,32,21,40,49,77,18,44,20,29,18,72,64,90,95,26,92,88,33,11,8
55,72,30,10,15,40,15,97,17,41,35,95,25,22,28,34,81,32,68,18,1
55,72,30,10,15,40,15,97,17,41,35,95,25,22,28,34,81,32,68,18,2
55,72,30,10,15,40,15,97,17,41,35,95,25,22,28,34,81,32,68,18,3
55,72,30,10,15,40,15,97,17,41,35,95,25,22,28,34,81,32,68,18,4
55,72,30,10,15,40,15,97,17,41,35,95,25,22,28,34,81,32,68,18,5
55,72,30,10,15,40,15,97,17,41,35,95,25,22,28,34,81,32,68,18,6
55,72,30,10,15,40,15,97,17,41,35,95,25,22,28,34,81,32,68,18,7
55,72,30,10,15,40,15,97,17,41,35,95,25,22,28,34,81,32,68,18,8
75,82,64,41,16,75,20,94,23,88,81,64,30,71,43,13,39,64,83,34,1
75,82,64,41,16,75,20,94,23,88,81,64,30,71,43,13,39,64,83,34,2
75,82,64,41,16,75,20,94,23,88,81,64,30,71,43,13,39,64,83,34,3
75,82,64,41,16,75,20,94,23,88,81,64,30,71,43,13,39,64,83,34,4
75,82,64,41,16,75,20,94,23,88,81,64,30,71,43,13,39,64,83,34,5
75,82,64,41,16,75,20,94,23,88,81,64,30,71,43,13,39,64,83,34,6
75,82,64,41,16,75,20,94,23,88,81,64,30,71,43,13,39,64,83,34,7
75,82,64,41,16,75,20,94,23,88,81,64,30,71,43,13,39,64,83,34,8
19,79,38,24,52,10,86,64,74,98,46,63,90,75,32,89,21,63,44,60,1
19,79,38,24,52,10,86,64,74,98,46,63,90,75,32,89,21,63,44,60,2
19,79,38,24,52,10,86,64,74,98,46,63,90,75,32,89,21,63,44,60,3
19,79,38,24,52,10,86,64,74,98,46,63,90,75,32,89,21,63,44,60,4
19,79,38,24,52,10,86,64,74,98,46,63,90,75,32,89,21,63,44,60,5
19,79,38,24,52,10,86,64,74,98,46,63,90,75,32,89,21,63,44,60,6
19,79,38,24,52,10,86,64,74,98,46,63,90,75,32,89,21,63,44,60,7
19,79,38,24,52,10,86,64,74,98,46,63,90,75,32,89,21,63,44,60,8
42,91,13,18,80,88,57,63,16,39,86,40,34,79,47,59,85,35,72,82,1
42,91,13,18,80,88,57,63,16,39,86,40,34,79,47,59,85,35,72,82,2
42,91,13,18,80,88,57,63,16,39,86,40,34,79,47,59,85,35,72,82,3
42,91,13,18,80,88,57,63,16,39,86,40,34,79,47,59,85,35,72,82,4
42,91,13,18,80,88,57,63,16,39,86,40,34,79,47,59,85,35,72,82,5
42,91,13,18,80,88,57,63,16,39,86,40,34,79,47,59,85,35,72,82,6
42,91,13,18,80,88,57,63,16,39,86,40,34,79,47,59,85,35,72,82,7
42,91,13,18,80,88,57,63,16,39,86,40,34,79,47,59,85,35,72,82,8
86,84,64,29,11,19,67,44,73,44,15,99,98,52,31,77,61,42,37,72,1
86,84,64,29,11,19,67,44,73,44,15,99,98,52,31,77,61,42,37,72,2
86,84,64,29,11,19,67,44,73,44,15,99,98,52,31,77,61,42,37,72,3
86,84,64,29,11,19,67,44,73,44,15,99,98,52,31,77,61,42,37,72,4
86,84,64,29,11,19,67,44,73,44,15,99,98,52,31,77,61,42,37,72,5
86,84,64,29,11,19,67,44,73,44,15,99,98,52,31,77,61,42,37,72,6
86,84,64,29,11,19,67,44,73,44,15,99,98,52,31,77,61,42,37,72,7
86,84,64,29,11,19,67,44,73,44,15,99,98,52,31,77,61,42,37,72,8
91,27,62,32,38,29,95,88,37,68,28,43,28,81,29,69,68,78,18,57,1
91,27,62,32,38,29,95,88,37,68,28,43,28,81,29,69,68,78,18,57,2
91,27,62,32,38,29,95,88,37,68,28,43,28,81,29,69,68,78,18,57,3
91,27,62,32,38,29,95,88,37,68,28,43,28,81,29,69,68,78,18,57,4
91,27,62,32,38,29,95,88,37,68,28,43,28,81,29,69,68,78,18,57,5
91,27,62,32,38,29,95,88,37,68,28,43,28,81,29,69,68,78,18,57,6
91,27,62,32,38,29,95,88,37,68,28,43,28,81,29,69,68,78,18,57,7
91,27,62,32,38,29,95,88,37,68,28,43,28,81,29,69,68,78,18,57,8
97,52,46,99,11,82,36,69,37,15,86,29,25,16,96,78,90,85,84,70,1
97,52,46,99,11,82,36,69,37,15,86,29,25,16,96,78,90,85,84,70,2
97,52,46,99,11,82,36,69,37,15,86,29,25,16,96,78,90,85,84,70,3
97,52,46,99,11,82,36,69,37,15,86,29,25,16,96,78,90,85,84,70,4
97,52,46,99,11,82,36,69,37,15,86,29,25,16,96,78,90,85,84,70,5
97,52,46,99,11,82,36,69,37,15,86,29,25,16,96,78,90,85,84,70,6
97,52,46,99,11,82,36,69,37,15,86,29,25,16,96,78,90,85,84,70,7
97,52,46,99,11,82,36,69,37,15,86,29,25,16,96,78,90,85,84,70,8
61,55,42,95,74,57,77,68,83,37,78,49,99,85,64,64,81,77,36,73,1
61,55,42,95,74,57,77,68,83,37,78,49,99,85,64,64,81,77,36,73,2
61,55,42,95,74,57,77,68,83,37,78,49,99,85,64,64,81,77,36,73,3
61,55,42,95,74,57,77,68,83,37,78,49,99,85,64,64,81,77,36,73,4
61,55,42,95,74,57,77,68,83,37,78,49,99,85,64,64,81,77,36,73,5
61,55,42,95,74,57,77,68,83,37,78,49,99,85,64,64,81,77,36,73,6
61,55,42,95,74,57,77,68,83,37,78,49,99,85,64,64,81,77,36,73,7
61,55,42,95,74,57,77,68,83,37,78,49,99,85,64,64,81,77,36,73,8
29,92,62,29,68,68,96,20,20,87,81,44,55,30,52,18,92,82,49,41,1
29,92,62,29,68,68,96,20,20,87,81,44,55,30,52,18,92,82,49,41,2
29,92,62,29,68,68,96,20,20,87,81,44,55,30,52,18,92,82,49,41,3
29,92,62,29,68,68,96,20,20,87,81,44,55,30,52,18,92,82,49,41,4
29,92,62,29,68,68,96,20,20,87,81,44,55,30,52,18,92,82,49,41,5
29,92,62,29,68,68,96,20,20,87,81,44,55,30,52,18,92,82,49,41,6
29,92,62,29,68,68,96,20,20,87,81,44,55,30,52,18,92,82,49,41,7
29,92,62,29,68,68,96,20,20,87,81,44,55,30,52,18,92,82,49,41,8
17,37,20,18,76,38,98,23,17,62,14,64,22,17,61,22,72,12,66,31,1
17,37,20,18,76,38,98,23,17,62,14,64,22,17,61,22,72,12,66,31,2
17,37,20,18,76,38,98,23,17,62,14,64,22,17,61,22,72,12,66,31,3
17,37,20,18,76,38,98,23,17,62,14,64,22,17,61,22,72,12,66,31,4
17,37,20,18,76,38,98,23,17,62,14,64,22,17,61,22,72,12,66,31,5
17,37,20,18,76,38,98,23,17,62,14,64,22,17,61,22,72,12,66,31,6
17,37,20,18,76,38,98,23,17,62,14,64,22,17,61,22,72,12,66,31,7
17,37,20,18,76,38,98,23,17,62,14,64,22,17,61,22,72,12,66,31,8
96,57,45,29,74,62,24,93,68,15,12,58,47,54,85,45,62,14,29,99,1
96,57,45,29,74,62,24,93,68,15,12,58,47,54,85,45,62,14,29,99,2
96,57,45,29,74,62,24,93,68,15,12,58,47,54,85,45,62,14,29,99,3
96,57,45,29,74,62,24,93,68,15,12,58,47,54,85,45,62,14,29,99,4
96,57,45,29,74,62,24,93,68,15,12,58,47,54,85,45,62,14,29,99,5
96,57,45,29,74,62,24,93,68,15,12,58,47,54,85,45,62,14,29,99,6
96,57,45,29,74,62,24,93,68,15,12,58,47,54,85,45,62,14,29,99,7
96,57,45,29,74,62,24,93,68,15,12,58,47,54,85,45,62,14,29,99,8
28,82,49,12,13,19,59,90,14,20,18,29,11,21,40,54,64,38,72,12,1
28,82,49,12,13,19,59,90,14,20,18,29,11,21,40,54,64,38,72,12,2
28,82,49,12,13,19,59,90,14,20,18,29,11,21,40,54,64,38,72,12,3
28,82,49,12,13,19,59,90,14,20,18,29,11,21,40,54,64,38,72,12,4
28,82,49,12,13,19,59,90,14,20,18,29,11,21,40,54,64,38,72,12,5
28,82,49,12,13,19,59,90,14,20,18,29,11,21,40,54,64,38,72,12,6
28,82,49,12,13,19,59,90,14,20,18,29,11,21,40,54,64,38,72,12,7
28,82,49,12,13,19,59,90,14,20,18,29,11,21,40,54,64,38,72,12,8
19,46,41,90,70,18,54,27,61,55,86,84,81,78,51,78,73,33,81,27,1
19,46,41,90,70,18,54,27,61,55,86,84,81,78,51,78,73,33,81,27,2
19,46,41,90,70,18,54,27,61,55,86,84,81,78,51,78,73,33,81,27,3
19,46,41,90,70,18,54,27,61,55,86,84,81,78,51,78,73,33,81,27,4
19,46,41,90,70,18,54,27,61,55,86,84,81,78,51,78,73,33,81,27,5
19,46,41,90,70,18,54,27,61,55,86,84,81,78,51,78,73,33,81,27,6
19,46,41,90,70,18,54,27,61,55,86,84,81,78,51,78,73,33,81,27,7
19,46,41,90,70,18,54,27,61,55,86,84,81,78,51,78,73,33,81,27,8
45,87,99,76,99,24,25,32,77,56,21,15,47,78,92,75,47,24,48,28,1
45,87,99,76,99,24,25,32,77,56,21,15,47,78,92,75,47,24,48,28,2
45,87,99,76,99,24,25,32,77,56,21,15,47,78,92,75,47,24,48,28,3
45,87,99,76,99,24,25,32,77,56,21,15,47,78,92,75,47,24,48,28,4
45,87,99,76,99,24,25,32,77,56,21,15,47,78,92,75,47,24,48,28,5
45,87,99,76,99,24,25,32,77,56,21,15,47,78,92,75,47,24,48,28,6
45,87,99,76,99,24,25,32,77,56,21,15,47,78,92,75,47,24,48,28,7
45,87,99,76,99,24,25,32,77,56,21,15,47,78,92,75,47,24,48,28,8
38,66,96,28,68,76,88,43,28,10,65,50,46,82,14,41,80,50,37,30,1
38,66,96,28,68,76,88,43,28,10,65,50,46,82,14,41,80,50,37,30,2
38,66,96,28,68,76,88,43,28,10,65,50,46,82,14,41,80,50,37,30,3
38,66,96,28,68,76,88,43,28,10,65,50,46,82,14,41,80,50,37,30,4
38,66,96,28,68,76,88,43,28,10,65,50,46,82,14,41,80,50,37,30,5
38,66,96,28,68,76,88,43,28,10,65,50,46,82,14,41,80,50,37,30,6
38,66,96,28,68,76,88,43,28,10,65,50,46,82,14,41,80,50,37,30,7
38,66,96,28,68,76,88,43,28,10,65,50,46,82,14,41,80,50,37,30,8
79,56,55,34,41,69,92,85,95,36,79,22,50,48,49,32,16,10,74,22,1
79,56,55,34,41,69,92,85,95,36,79,22,50,48,49,32,16,10,74,22,2
79,56,55,34,41,69,92,85,95,36,79,22,50,48,49,32,16,10,74,22,3
79,56,55,34,41,69,92,85,95,36,79,22,50,48,49,32,16,10,74,22,4
79,56,55,34,41,69,92,85,95,36,79,22,50,48,49,32,16,10,74,22,5
79,56,55,34,41,69,92,85,95,36,79,22,50,48,49,32,16,10,74,22,6
79,56,55,34,41,69,92,85,95,36,79,22,50,48,49,32,16,10,74,22,7
79,56,55,34,41,69,92,85,95,36,79,22,50,48,49,32,16,10,74,22,8
15,22,65,78,94,13,21,66,27,22,64,44,80,49,79,15,19,32,23,93,1
15,22,65,78,94,13,21,66,27,22,64,44,80,49,79,15,19,32,23,93,2
15,22,65,78,94,13,21,66,27,22,64,44,80,49,79,15,19,32,23,93,3
15,22,65,78,94,13,21,66,27,22,64,44,80,49,79,15,19,32,23,93,4
15,22,65,78,94,13,21,66,27,22,64,44,80,49,79,15,19,32,23,93,5
15,22,65,78,94,13,21,66,27,22,64,44,80,49,79,15,19,32,23,93,6
15,22,65,78,94,13,21,66,27,22,64,44,80,49,79,15,19,32,23,93,7
15,22,65,78,94,13,21,66,27,22,64,44,80,49,79,15,19,32,23,93,8
68,85,90,31,86,47,19,98,61,74,81,66,83,19,91,25,43,82,78,21,1
68,85,90,31,86,47,19,98,61,74,81,66,83,19,91,25,43,82,78,21,2
68,85,90,31,86,47,19,98,61,74,81,66,83,19,91,25,43,82,78,21,3
68,85,90,31,86,47,19,98,61,74,81,66,83,19,91,25,43,82,78,21,4
68,85,90,31,86,47,19,98,61,74,81,66,83,19,91,25,43,82,78,21,5
68,85,90,31,86,47,19,98,61,74,81,66,83,19,91,25,43,82,78,21,6
68,85,90,31,86,47,19,98,61,74,81,66,83,19,91,25,43,82,78,21,7
68,85,90,31,86,47,19,98,61,74,81,66,83,19,91,25,43,82,78,21,8
